--
-- PostgreSQL database dump
--

-- Dumped from database version 17.5 (Postgres.app)
-- Dumped by pg_dump version 17.5 (Postgres.app)

SET statement_timeout = 0;
SET lock_timeout = 0;
SET idle_in_transaction_session_timeout = 0;
SET transaction_timeout = 0;
SET client_encoding = 'UTF8';
SET standard_conforming_strings = on;
SELECT pg_catalog.set_config('search_path', '', false);
SET check_function_bodies = false;
SET xmloption = content;
SET client_min_messages = warning;
SET row_security = off;

SET default_tablespace = '';

SET default_table_access_method = heap;

--
-- Name: auth_group; Type: TABLE; Schema: public; Owner: postgres
--

CREATE TABLE public.auth_group (
    id integer NOT NULL,
    name character varying(150) NOT NULL
);


ALTER TABLE public.auth_group OWNER TO postgres;

--
-- Name: auth_group_id_seq; Type: SEQUENCE; Schema: public; Owner: postgres
--

ALTER TABLE public.auth_group ALTER COLUMN id ADD GENERATED BY DEFAULT AS IDENTITY (
    SEQUENCE NAME public.auth_group_id_seq
    START WITH 1
    INCREMENT BY 1
    NO MINVALUE
    NO MAXVALUE
    CACHE 1
);


--
-- Name: auth_group_permissions; Type: TABLE; Schema: public; Owner: postgres
--

CREATE TABLE public.auth_group_permissions (
    id bigint NOT NULL,
    group_id integer NOT NULL,
    permission_id integer NOT NULL
);


ALTER TABLE public.auth_group_permissions OWNER TO postgres;

--
-- Name: auth_group_permissions_id_seq; Type: SEQUENCE; Schema: public; Owner: postgres
--

ALTER TABLE public.auth_group_permissions ALTER COLUMN id ADD GENERATED BY DEFAULT AS IDENTITY (
    SEQUENCE NAME public.auth_group_permissions_id_seq
    START WITH 1
    INCREMENT BY 1
    NO MINVALUE
    NO MAXVALUE
    CACHE 1
);


--
-- Name: auth_permission; Type: TABLE; Schema: public; Owner: postgres
--

CREATE TABLE public.auth_permission (
    id integer NOT NULL,
    name character varying(255) NOT NULL,
    content_type_id integer NOT NULL,
    codename character varying(100) NOT NULL
);


ALTER TABLE public.auth_permission OWNER TO postgres;

--
-- Name: auth_permission_id_seq; Type: SEQUENCE; Schema: public; Owner: postgres
--

ALTER TABLE public.auth_permission ALTER COLUMN id ADD GENERATED BY DEFAULT AS IDENTITY (
    SEQUENCE NAME public.auth_permission_id_seq
    START WITH 1
    INCREMENT BY 1
    NO MINVALUE
    NO MAXVALUE
    CACHE 1
);


--
-- Name: auth_user; Type: TABLE; Schema: public; Owner: postgres
--

CREATE TABLE public.auth_user (
    id integer NOT NULL,
    password character varying(128) NOT NULL,
    last_login timestamp with time zone,
    is_superuser boolean NOT NULL,
    username character varying(150) NOT NULL,
    first_name character varying(150) NOT NULL,
    last_name character varying(150) NOT NULL,
    email character varying(254) NOT NULL,
    is_staff boolean NOT NULL,
    is_active boolean NOT NULL,
    date_joined timestamp with time zone NOT NULL
);


ALTER TABLE public.auth_user OWNER TO postgres;

--
-- Name: auth_user_groups; Type: TABLE; Schema: public; Owner: postgres
--

CREATE TABLE public.auth_user_groups (
    id bigint NOT NULL,
    user_id integer NOT NULL,
    group_id integer NOT NULL
);


ALTER TABLE public.auth_user_groups OWNER TO postgres;

--
-- Name: auth_user_groups_id_seq; Type: SEQUENCE; Schema: public; Owner: postgres
--

ALTER TABLE public.auth_user_groups ALTER COLUMN id ADD GENERATED BY DEFAULT AS IDENTITY (
    SEQUENCE NAME public.auth_user_groups_id_seq
    START WITH 1
    INCREMENT BY 1
    NO MINVALUE
    NO MAXVALUE
    CACHE 1
);


--
-- Name: auth_user_id_seq; Type: SEQUENCE; Schema: public; Owner: postgres
--

ALTER TABLE public.auth_user ALTER COLUMN id ADD GENERATED BY DEFAULT AS IDENTITY (
    SEQUENCE NAME public.auth_user_id_seq
    START WITH 1
    INCREMENT BY 1
    NO MINVALUE
    NO MAXVALUE
    CACHE 1
);


--
-- Name: auth_user_user_permissions; Type: TABLE; Schema: public; Owner: postgres
--

CREATE TABLE public.auth_user_user_permissions (
    id bigint NOT NULL,
    user_id integer NOT NULL,
    permission_id integer NOT NULL
);


ALTER TABLE public.auth_user_user_permissions OWNER TO postgres;

--
-- Name: auth_user_user_permissions_id_seq; Type: SEQUENCE; Schema: public; Owner: postgres
--

ALTER TABLE public.auth_user_user_permissions ALTER COLUMN id ADD GENERATED BY DEFAULT AS IDENTITY (
    SEQUENCE NAME public.auth_user_user_permissions_id_seq
    START WITH 1
    INCREMENT BY 1
    NO MINVALUE
    NO MAXVALUE
    CACHE 1
);


--
-- Name: django_admin_log; Type: TABLE; Schema: public; Owner: postgres
--

CREATE TABLE public.django_admin_log (
    id integer NOT NULL,
    action_time timestamp with time zone NOT NULL,
    object_id text,
    object_repr character varying(200) NOT NULL,
    action_flag smallint NOT NULL,
    change_message text NOT NULL,
    content_type_id integer,
    user_id integer NOT NULL,
    CONSTRAINT django_admin_log_action_flag_check CHECK ((action_flag >= 0))
);


ALTER TABLE public.django_admin_log OWNER TO postgres;

--
-- Name: django_admin_log_id_seq; Type: SEQUENCE; Schema: public; Owner: postgres
--

ALTER TABLE public.django_admin_log ALTER COLUMN id ADD GENERATED BY DEFAULT AS IDENTITY (
    SEQUENCE NAME public.django_admin_log_id_seq
    START WITH 1
    INCREMENT BY 1
    NO MINVALUE
    NO MAXVALUE
    CACHE 1
);


--
-- Name: django_content_type; Type: TABLE; Schema: public; Owner: postgres
--

CREATE TABLE public.django_content_type (
    id integer NOT NULL,
    app_label character varying(100) NOT NULL,
    model character varying(100) NOT NULL
);


ALTER TABLE public.django_content_type OWNER TO postgres;

--
-- Name: django_content_type_id_seq; Type: SEQUENCE; Schema: public; Owner: postgres
--

ALTER TABLE public.django_content_type ALTER COLUMN id ADD GENERATED BY DEFAULT AS IDENTITY (
    SEQUENCE NAME public.django_content_type_id_seq
    START WITH 1
    INCREMENT BY 1
    NO MINVALUE
    NO MAXVALUE
    CACHE 1
);


--
-- Name: django_migrations; Type: TABLE; Schema: public; Owner: postgres
--

CREATE TABLE public.django_migrations (
    id bigint NOT NULL,
    app character varying(255) NOT NULL,
    name character varying(255) NOT NULL,
    applied timestamp with time zone NOT NULL
);


ALTER TABLE public.django_migrations OWNER TO postgres;

--
-- Name: django_migrations_id_seq; Type: SEQUENCE; Schema: public; Owner: postgres
--

ALTER TABLE public.django_migrations ALTER COLUMN id ADD GENERATED BY DEFAULT AS IDENTITY (
    SEQUENCE NAME public.django_migrations_id_seq
    START WITH 1
    INCREMENT BY 1
    NO MINVALUE
    NO MAXVALUE
    CACHE 1
);


--
-- Name: django_session; Type: TABLE; Schema: public; Owner: postgres
--

CREATE TABLE public.django_session (
    session_key character varying(40) NOT NULL,
    session_data text NOT NULL,
    expire_date timestamp with time zone NOT NULL
);


ALTER TABLE public.django_session OWNER TO postgres;

--
-- Name: menu_menuitem; Type: TABLE; Schema: public; Owner: postgres
--

CREATE TABLE public.menu_menuitem (
    id bigint NOT NULL,
    name character varying(255) NOT NULL,
    description text NOT NULL,
    price numeric(10,2) NOT NULL,
    available boolean NOT NULL,
    created_at timestamp with time zone NOT NULL,
    image character varying(100),
    updated_at timestamp with time zone NOT NULL,
    category character varying(50) NOT NULL
);


ALTER TABLE public.menu_menuitem OWNER TO postgres;

--
-- Name: menu_menuitem_id_seq; Type: SEQUENCE; Schema: public; Owner: postgres
--

ALTER TABLE public.menu_menuitem ALTER COLUMN id ADD GENERATED BY DEFAULT AS IDENTITY (
    SEQUENCE NAME public.menu_menuitem_id_seq
    START WITH 1
    INCREMENT BY 1
    NO MINVALUE
    NO MAXVALUE
    CACHE 1
);


--
-- Name: menu_order; Type: TABLE; Schema: public; Owner: postgres
--

CREATE TABLE public.menu_order (
    id bigint NOT NULL,
    name character varying(255) NOT NULL,
    phone character varying(20) NOT NULL,
    address text NOT NULL,
    comment text NOT NULL,
    status character varying(20) NOT NULL,
    created_at timestamp with time zone NOT NULL,
    updated_at timestamp with time zone NOT NULL
);


ALTER TABLE public.menu_order OWNER TO postgres;

--
-- Name: menu_order_id_seq; Type: SEQUENCE; Schema: public; Owner: postgres
--

ALTER TABLE public.menu_order ALTER COLUMN id ADD GENERATED BY DEFAULT AS IDENTITY (
    SEQUENCE NAME public.menu_order_id_seq
    START WITH 1
    INCREMENT BY 1
    NO MINVALUE
    NO MAXVALUE
    CACHE 1
);


--
-- Name: menu_orderitem; Type: TABLE; Schema: public; Owner: postgres
--

CREATE TABLE public.menu_orderitem (
    id bigint NOT NULL,
    quantity integer NOT NULL,
    price_at_time numeric(10,2) NOT NULL,
    menu_item_id bigint NOT NULL,
    order_id bigint NOT NULL,
    CONSTRAINT menu_orderitem_quantity_check CHECK ((quantity >= 0))
);


ALTER TABLE public.menu_orderitem OWNER TO postgres;

--
-- Name: menu_orderitem_id_seq; Type: SEQUENCE; Schema: public; Owner: postgres
--

ALTER TABLE public.menu_orderitem ALTER COLUMN id ADD GENERATED BY DEFAULT AS IDENTITY (
    SEQUENCE NAME public.menu_orderitem_id_seq
    START WITH 1
    INCREMENT BY 1
    NO MINVALUE
    NO MAXVALUE
    CACHE 1
);


--
-- Data for Name: auth_group; Type: TABLE DATA; Schema: public; Owner: postgres
--

COPY public.auth_group (id, name) FROM stdin;
\.


--
-- Data for Name: auth_group_permissions; Type: TABLE DATA; Schema: public; Owner: postgres
--

COPY public.auth_group_permissions (id, group_id, permission_id) FROM stdin;
\.


--
-- Data for Name: auth_permission; Type: TABLE DATA; Schema: public; Owner: postgres
--

COPY public.auth_permission (id, name, content_type_id, codename) FROM stdin;
1	Can add Пункт меню	1	add_menuitem
2	Can change Пункт меню	1	change_menuitem
3	Can delete Пункт меню	1	delete_menuitem
4	Can view Пункт меню	1	view_menuitem
5	Can add Заказ	2	add_order
6	Can change Заказ	2	change_order
7	Can delete Заказ	2	delete_order
8	Can view Заказ	2	view_order
9	Can add Позиция заказа	3	add_orderitem
10	Can change Позиция заказа	3	change_orderitem
11	Can delete Позиция заказа	3	delete_orderitem
12	Can view Позиция заказа	3	view_orderitem
13	Can add log entry	4	add_logentry
14	Can change log entry	4	change_logentry
15	Can delete log entry	4	delete_logentry
16	Can view log entry	4	view_logentry
17	Can add permission	5	add_permission
18	Can change permission	5	change_permission
19	Can delete permission	5	delete_permission
20	Can view permission	5	view_permission
21	Can add group	6	add_group
22	Can change group	6	change_group
23	Can delete group	6	delete_group
24	Can view group	6	view_group
25	Can add user	7	add_user
26	Can change user	7	change_user
27	Can delete user	7	delete_user
28	Can view user	7	view_user
29	Can add content type	8	add_contenttype
30	Can change content type	8	change_contenttype
31	Can delete content type	8	delete_contenttype
32	Can view content type	8	view_contenttype
33	Can add session	9	add_session
34	Can change session	9	change_session
35	Can delete session	9	delete_session
36	Can view session	9	view_session
\.


--
-- Data for Name: auth_user; Type: TABLE DATA; Schema: public; Owner: postgres
--

COPY public.auth_user (id, password, last_login, is_superuser, username, first_name, last_name, email, is_staff, is_active, date_joined) FROM stdin;
1	pbkdf2_sha256$1000000$jWY5mb7GRRYY8wtd2OcnsC$168ppMlk44cy0Rqiyg7Bg82vLF6V9obDYs8LDsA1Vk0=	2025-09-22 18:17:27.310219+05	t	eracoder			ersul143@gmail.com	t	t	2025-09-22 18:16:55.468925+05
\.


--
-- Data for Name: auth_user_groups; Type: TABLE DATA; Schema: public; Owner: postgres
--

COPY public.auth_user_groups (id, user_id, group_id) FROM stdin;
\.


--
-- Data for Name: auth_user_user_permissions; Type: TABLE DATA; Schema: public; Owner: postgres
--

COPY public.auth_user_user_permissions (id, user_id, permission_id) FROM stdin;
\.


--
-- Data for Name: django_admin_log; Type: TABLE DATA; Schema: public; Owner: postgres
--

COPY public.django_admin_log (id, action_time, object_id, object_repr, action_flag, change_message, content_type_id, user_id) FROM stdin;
1	2025-09-24 02:38:47.789693+05	13	Гуляш из индейки	1	[{"added": {}}]	1	1
2	2025-09-24 02:40:02.201294+05	14	Куриное филе с овощами	1	[{"added": {}}]	1	1
3	2025-09-24 02:41:15.618347+05	15	Курица по-тайски	1	[{"added": {}}]	1	1
4	2025-09-24 02:42:04.775165+05	16	Тефтели	1	[{"added": {}}]	1	1
5	2025-09-24 02:43:29.831409+05	17	Перец фаршированный	1	[{"added": {}}]	1	1
6	2025-09-24 22:46:25.482783+05	18	Котлеты говяжьи	1	[{"added": {}}]	1	1
7	2025-09-24 22:47:54.732393+05	19	Котлеты куриные	1	[{"added": {}}]	1	1
8	2025-09-24 22:49:04.716986+05	20	Куриное филе с помидорами под сыром	1	[{"added": {}}]	1	1
9	2025-09-24 22:50:37.070394+05	21	Болоньез	1	[{"added": {}}]	1	1
10	2025-09-24 22:52:48.014536+05	22	Куырдак из говяжьей печени	1	[{"added": {}}]	1	1
11	2025-09-24 22:55:25.472973+05	23	Плов из говядины	1	[{"added": {}}]	1	1
12	2025-09-24 22:59:01.85274+05	24	Плов из курицы	1	[{"added": {}}]	1	1
13	2025-09-24 22:59:26.42596+05	19	Котлеты куриные	2	[{"changed": {"fields": ["\\u0418\\u0437\\u043e\\u0431\\u0440\\u0430\\u0436\\u0435\\u043d\\u0438\\u0435"]}}]	1	1
14	2025-09-24 23:01:41.744656+05	25	Крылышки 1шт 170тг	1	[{"added": {}}]	1	1
15	2025-09-24 23:06:43.716144+05	26	Рис	1	[{"added": {}}]	1	1
16	2025-09-24 23:52:02.59147+05	27	Гречка	1	[{"added": {}}]	1	1
17	2025-09-24 23:52:50.034525+05	28	Макароны отварные	1	[{"added": {}}]	1	1
18	2025-09-24 23:54:16.432593+05	29	Картофельный пюре	1	[{"added": {}}]	1	1
19	2025-09-24 23:55:09.965626+05	30	Спагетти	1	[{"added": {}}]	1	1
20	2025-09-24 23:56:10.654827+05	31	Капуста тушенная	1	[{"added": {}}]	1	1
21	2025-09-24 23:59:26.685735+05	32	Картофель запеченный	1	[{"added": {}}]	1	1
22	2025-09-24 23:59:32.208939+05	31	Капуста тушенная	2	[{"changed": {"fields": ["\\u041a\\u0430\\u0442\\u0435\\u0433\\u043e\\u0440\\u0438\\u044f"]}}]	1	1
23	2025-09-25 00:03:20.926185+05	33	Манпар	1	[{"added": {}}]	1	1
24	2025-09-25 00:40:09.95351+05	34	Харчо	1	[{"added": {}}]	1	1
25	2025-09-25 00:41:41.605836+05	35	Куриный суп-лапша	1	[{"added": {}}]	1	1
26	2025-09-25 00:43:06.955297+05	36	Солянка	1	[{"added": {}}]	1	1
27	2025-09-25 00:44:11.193745+05	37	Рассольник	1	[{"added": {}}]	1	1
28	2025-09-25 00:45:24.048282+05	38	Суп из древесных грибов (острый)	1	[{"added": {}}]	1	1
29	2025-09-25 00:47:16.93095+05	38	Суп из древесных грибов (острый)	2	[{"changed": {"fields": ["\\u041e\\u043f\\u0438\\u0441\\u0430\\u043d\\u0438\\u0435"]}}]	1	1
30	2025-09-25 00:49:41.970789+05	39	Чечевичный суп	1	[{"added": {}}]	1	1
31	2025-09-25 00:52:19.949028+05	40	Борщ	1	[{"added": {}}]	1	1
32	2025-09-25 00:55:13.540858+05	41	Куриный суп с овощами (брокколи, цветная капуста)	1	[{"added": {}}]	1	1
33	2025-09-25 00:56:11.465122+05	42	Гороховый суп	1	[{"added": {}}]	1	1
34	2025-09-25 00:57:25.095201+05	43	Суп машевый	1	[{"added": {}}]	1	1
\.


--
-- Data for Name: django_content_type; Type: TABLE DATA; Schema: public; Owner: postgres
--

COPY public.django_content_type (id, app_label, model) FROM stdin;
1	menu	menuitem
2	menu	order
3	menu	orderitem
4	admin	logentry
5	auth	permission
6	auth	group
7	auth	user
8	contenttypes	contenttype
9	sessions	session
\.


--
-- Data for Name: django_migrations; Type: TABLE DATA; Schema: public; Owner: postgres
--

COPY public.django_migrations (id, app, name, applied) FROM stdin;
1	contenttypes	0001_initial	2025-09-22 17:37:50.853333+05
2	auth	0001_initial	2025-09-22 17:37:50.871012+05
3	admin	0001_initial	2025-09-22 17:37:50.87752+05
4	admin	0002_logentry_remove_auto_add	2025-09-22 17:37:50.883338+05
5	admin	0003_logentry_add_action_flag_choices	2025-09-22 17:37:50.886632+05
6	contenttypes	0002_remove_content_type_name	2025-09-22 17:37:50.892297+05
7	auth	0002_alter_permission_name_max_length	2025-09-22 17:37:50.894385+05
8	auth	0003_alter_user_email_max_length	2025-09-22 17:37:50.896218+05
9	auth	0004_alter_user_username_opts	2025-09-22 17:37:50.897617+05
10	auth	0005_alter_user_last_login_null	2025-09-22 17:37:50.900099+05
11	auth	0006_require_contenttypes_0002	2025-09-22 17:37:50.900601+05
12	auth	0007_alter_validators_add_error_messages	2025-09-22 17:37:50.902855+05
13	auth	0008_alter_user_username_max_length	2025-09-22 17:37:50.907066+05
14	auth	0009_alter_user_last_name_max_length	2025-09-22 17:37:50.909385+05
15	auth	0010_alter_group_name_max_length	2025-09-22 17:37:50.911364+05
16	auth	0011_update_proxy_permissions	2025-09-22 17:37:50.912894+05
17	auth	0012_alter_user_first_name_max_length	2025-09-22 17:37:50.914532+05
18	menu	0001_initial	2025-09-22 17:37:50.916507+05
19	menu	0002_alter_menuitem_options_menuitem_created_at_and_more	2025-09-22 17:37:50.930317+05
20	menu	0003_order_alter_menuitem_options_and_more	2025-09-22 17:37:50.994598+05
21	menu	0004_menuitem_category	2025-09-22 17:37:51.009165+05
22	sessions	0001_initial	2025-09-22 17:37:51.016368+05
\.


--
-- Data for Name: django_session; Type: TABLE DATA; Schema: public; Owner: postgres
--

COPY public.django_session (session_key, session_data, expire_date) FROM stdin;
01ad44rcipwvyf77k6rfd6s09pu89lqn	.eJxVjLsOAiEUBf-F2hAubyzt9xvI5SWrBpJltzL-uyHZQtszM-dNPB579cfIm18TuRIgl98tYHzmNkF6YLt3GnvbtzXQqdCTDrr0lF-30_07qDjqrBlDgMiMwahLNlKb4hxDG1kQSrhcbNbCJhEcIjjOi-IcYrIKlJNMks8X3R83Qg:1v0gQ3:WAjEorC5QD25daqYbzQJ0LcNWSXsXU0DM1hl68VbqyA	2025-10-06 18:17:27.311353+05
\.


--
-- Data for Name: menu_menuitem; Type: TABLE DATA; Schema: public; Owner: postgres
--

COPY public.menu_menuitem (id, name, description, price, available, created_at, image, updated_at, category) FROM stdin;
4	Манты 1 шт.	Продукты: яйца, вода, масло растительное, соль, мука, фарш мясной, лук репчатый, чеснок, соль, перец чёрный молотый, лук репчатый, помидоры, сметана, вода	250.00	t	2025-09-13 17:08:45.127+05	menu_images/манты.jpeg	2025-09-22 16:28:54.023+05	second
6	Мясо по тайский	обжаренная говядина с овощами в ароматном соевом соусе с пряностями.	1400.00	t	2025-09-22 16:40:01.71+05	menu_images/taiski.jpg	2025-09-22 16:48:13.238+05	second
7	Курица в сливочном соусе (фрикассе)	нежное куриное филе в густом сливочном соусе с луком и морковью.	1700.00	t	2025-09-22 16:47:51.955+05	menu_images/frikase.jpg	2025-09-22 16:47:51.955+05	second
8	Гуляш из говядины	тушёная говядина в томатном соусе с луком и специями.	1700.00	t	2025-09-22 16:50:08.305+05	menu_images/gulyash.jpg	2025-09-22 16:50:08.305+05	second
9	Чахохбили (окорачка рубленная в том соусе)	сочные куриные кусочки, тушёные в насыщенном томатном соусе с луком и чесноком.	1700.00	t	2025-09-22 16:51:54.084+05	menu_images/срфрщришдш.webp	2025-09-22 16:55:16.962+05	second
10	Куриная ножка запеченная	румяная куриная ножка, запечённая со специями до золотистой корочки.	1700.00	t	2025-09-22 16:56:57.923+05	menu_images/kur-nozhka.jpg	2025-09-22 16:56:57.923+05	second
11	Куриная ножка отварная	куриная ножка, приготовленная на пару с солью и лёгкими специями.	1700.00	t	2025-09-22 17:27:29.008+05	menu_images/щемфк-тщярлф.jpg	2025-09-22 17:27:29.008+05	second
12	Ганфан	мясо с овощами в соусе, поданное с рисом по восточному рецепту.	1700.00	t	2025-09-22 17:28:54.17+05	menu_images/ganfan.jpg	2025-09-22 17:28:54.17+05	second
13	Гуляш из индейки	кусочки индейки, тушёные с луком и томатным соусом до мягкости.	1700.00	t	2025-09-24 02:38:47.784336+05	menu_images/gulyash_iz_indeiki.jpg	2025-09-24 02:38:47.78435+05	second
14	Куриное филе с овощами	обжаренное куриное филе с болгарским перцем, морковью и луком.	1700.00	t	2025-09-24 02:40:02.200177+05	menu_images/kur-file.jpg	2025-09-24 02:40:02.200197+05	second
15	Курица по-тайски	курица в соевом соусе с овощами и специями, приготовленная по азиатскому стилю.	1700.00	t	2025-09-24 02:41:15.617096+05	menu_images/kurica-izfile.jpg	2025-09-24 02:41:15.617122+05	second
16	Тефтели	мясные шарики с рисом, тушёные в ароматном томатном соусе	1700.00	t	2025-09-24 02:42:04.77323+05	menu_images/teftel.jpg	2025-09-24 02:42:04.773259+05	second
17	Перец фаршированный	сладкий перец, наполненный мясом с рисом и специями, тушёный до мягкости.	1700.00	t	2025-09-24 02:43:29.830115+05	menu_images/farshirovannyy-perets-klassicheskiy_588x409x90_c.jpg	2025-09-24 02:43:29.830138+05	second
18	Котлеты говяжьи	классические котлеты из говядины с луком и специями.	1700.00	t	2025-09-24 22:46:25.480284+05	menu_images/kptleti.webp	2025-09-24 22:46:25.480293+05	second
20	Куриное филе с помидорами под сыром	куриное филе, запечённое с сочными томатами и расплавленным сыром.	1700.00	t	2025-09-24 22:49:04.715516+05	menu_images/kur-file-sirom.jpg	2025-09-24 22:49:04.715542+05	second
21	Болоньез	соус из мясного фарша и томатов с овощами, приготовленный по итальянскому рецепту.	1700.00	t	2025-09-24 22:50:37.069171+05	menu_images/bolonez.jpg	2025-09-24 22:50:37.069184+05	second
22	Куырдак из говяжьей печени	жареная печень с луком, картофелем и ароматными специями.	1700.00	t	2025-09-24 22:52:48.013518+05	menu_images/kurdak_1514984502_1_max.jpg	2025-09-24 22:52:48.013534+05	second
23	Плов из говядины	рассыпчатый рис с говядиной, морковью и луком по классическому рецепту.	1700.00	t	2025-09-24 22:55:25.471118+05	menu_images/plov.jpg	2025-09-24 22:55:25.471146+05	second
24	Плов из курицы	ароматный плов с курицей, морковью и луком в специях.	1700.00	t	2025-09-24 22:59:01.85074+05	menu_images/plov-iz-kuric.webp	2025-09-24 22:59:01.850768+05	second
19	Котлеты куриные	сочные котлеты из куриного филе с луком и специями.	1700.00	t	2025-09-24 22:47:54.731091+05	menu_images/kotlet-kuriniuy.jpg	2025-09-24 22:59:26.423729+05	second
25	Крылышки 1шт 170тг	куриные крылышки, мука, разрыхлитель, зелень укропа, чеснок, паприка молотая, соль, перец чёрный молотый, сыр твёрдый, масло сливочное, чеснок, лимон	170.00	t	2025-09-24 23:01:41.743442+05	menu_images/krilishki.jpg	2025-09-24 23:01:41.743455+05	second
26	Рис		1700.00	t	2025-09-24 23:06:43.714359+05	menu_images/ris.jpg	2025-09-24 23:06:43.714384+05	garnish
27	Гречка		1700.00	t	2025-09-24 23:52:02.589922+05	menu_images/grechka.jpg	2025-09-24 23:52:02.589942+05	garnish
28	Макароны отварные		1700.00	t	2025-09-24 23:52:50.033532+05	menu_images/macaron.jpg	2025-09-24 23:52:50.033546+05	garnish
29	Картофельный пюре		1700.00	t	2025-09-24 23:54:16.431494+05	menu_images/pure.jpg	2025-09-24 23:54:16.43152+05	garnish
30	Спагетти		1700.00	t	2025-09-24 23:55:09.964553+05	menu_images/spagetti.jpg	2025-09-24 23:55:09.964574+05	garnish
32	Картофель запеченный		1700.00	t	2025-09-24 23:59:26.684616+05	menu_images/картфоелб.webp	2025-09-24 23:59:26.684631+05	garnish
31	Капуста тушенная		1700.00	t	2025-09-24 23:56:10.653765+05	menu_images/kapusta_tusheniy.jpg	2025-09-24 23:59:32.207503+05	garnish
33	Манпар	узбекский суп с домашней лапшой, мясом и овощами	1700.00	t	2025-09-25 00:03:20.924973+05	menu_images/manpar.jpeg	2025-09-25 00:03:20.924998+05	first
34	Харчо	наваристый суп с говядиной, рисом, томатами и пряностями.	1700.00	t	2025-09-25 00:40:09.9522+05	menu_images/харчо.jpg	2025-09-25 00:40:09.952219+05	first
35	Куриный суп-лапша	лёгкий бульон с курицей, лапшой и зеленью.	1700.00	t	2025-09-25 00:41:41.604688+05	menu_images/куриныи_лапша.webp	2025-09-25 00:41:41.604708+05	first
36	Солянка	насыщенный суп с мясом, колбасками, солёными огурцами и маслинами.	1700.00	t	2025-09-25 00:43:06.95397+05	menu_images/солянка.webp	2025-09-25 00:43:06.953996+05	first
37	Рассольник	суп с говядиной, солёными огурцами, перловкой и специями.	1700.00	t	2025-09-25 00:44:11.192429+05	menu_images/рассольник.jpg	2025-09-25 00:44:11.19245+05	first
38	Суп из древесных грибов (острый)	пикантный суп с древесными грибами, овощами и пряностями.	1700.00	t	2025-09-25 00:45:24.045842+05	menu_images/суп_грибнои.jpg	2025-09-25 00:47:16.929327+05	first
39	Чечевичный суп	густой и питательный суп из чечевицы с овощами и специями.	1700.00	t	2025-09-25 00:49:41.969483+05	menu_images/чечевич_7wILsgB.webp	2025-09-25 00:49:41.969506+05	first
40	Борщ	классический суп с капустой, свёклой, картофелем и говядиной.	1700.00	t	2025-09-25 00:52:19.946849+05	menu_images/борщ.jpg	2025-09-25 00:52:19.946887+05	first
41	Куриный суп с овощами (брокколи, цветная капуста)	лёгкий куриный бульон с брокколи, цветной капустой и морковью.	1700.00	t	2025-09-25 00:55:13.539599+05	menu_images/кур_суп_с_овощами.jpg	2025-09-25 00:55:13.539616+05	first
42	Гороховый суп	густой суп из колотого гороха с копчёностями и овощами.	1700.00	t	2025-09-25 00:56:11.463856+05	menu_images/горох_суп.jpg	2025-09-25 00:56:11.463886+05	first
43	Суп машевый	восточный суп из маша с овощами и специями.	1700.00	t	2025-09-25 00:57:25.094123+05	menu_images/суп_машевыи.jpg	2025-09-25 00:57:25.094148+05	first
\.


--
-- Data for Name: menu_order; Type: TABLE DATA; Schema: public; Owner: postgres
--

COPY public.menu_order (id, name, phone, address, comment, status, created_at, updated_at) FROM stdin;
1	Yersultan Tulemis	+77776442004	33125\nTurquoise Lane	тест	new	2025-09-22 14:09:52.928+05	2025-09-22 14:09:52.928+05
2	Yersultan Tulemis	7776442004	33125\nTurquoise Lane		new	2025-09-22 14:10:12.674+05	2025-09-22 14:10:12.674+05
3	ерс	87776442004	33125\nTurquoise Lane	тест	new	2025-09-22 14:39:11.915+05	2025-09-22 14:39:11.915+05
4	Yersultan Tulemis	87776442004	33125\nTurquoise Lane		new	2025-09-22 14:39:55.581+05	2025-09-22 14:39:55.581+05
5	тест	87776442004	тест		new	2025-09-22 14:44:42.555+05	2025-09-22 14:44:42.555+05
6	Yersultan Tulemis	87776442004	Turquoise Lane		new	2025-09-22 14:45:11.842+05	2025-09-22 14:45:11.842+05
7	тест3	+77776442004	33125\nTurquoise Lane		new	2025-09-22 14:46:40.53+05	2025-09-22 14:46:40.53+05
8	Yersultan Tulemis	87776442004	33125\nTurquoise Lane		new	2025-09-22 14:48:23.827+05	2025-09-22 14:48:23.827+05
9	Yersultan Tulemis	87776442004	Sputnik		new	2025-09-25 02:35:31.56873+05	2025-09-25 02:35:31.568779+05
\.


--
-- Data for Name: menu_orderitem; Type: TABLE DATA; Schema: public; Owner: postgres
--

COPY public.menu_orderitem (id, quantity, price_at_time, menu_item_id, order_id) FROM stdin;
10	1	1800.00	4	8
11	1	1700.00	42	9
\.


--
-- Name: auth_group_id_seq; Type: SEQUENCE SET; Schema: public; Owner: postgres
--

SELECT pg_catalog.setval('public.auth_group_id_seq', 1, false);


--
-- Name: auth_group_permissions_id_seq; Type: SEQUENCE SET; Schema: public; Owner: postgres
--

SELECT pg_catalog.setval('public.auth_group_permissions_id_seq', 1, false);


--
-- Name: auth_permission_id_seq; Type: SEQUENCE SET; Schema: public; Owner: postgres
--

SELECT pg_catalog.setval('public.auth_permission_id_seq', 36, true);


--
-- Name: auth_user_groups_id_seq; Type: SEQUENCE SET; Schema: public; Owner: postgres
--

SELECT pg_catalog.setval('public.auth_user_groups_id_seq', 1, false);


--
-- Name: auth_user_id_seq; Type: SEQUENCE SET; Schema: public; Owner: postgres
--

SELECT pg_catalog.setval('public.auth_user_id_seq', 1, true);


--
-- Name: auth_user_user_permissions_id_seq; Type: SEQUENCE SET; Schema: public; Owner: postgres
--

SELECT pg_catalog.setval('public.auth_user_user_permissions_id_seq', 1, false);


--
-- Name: django_admin_log_id_seq; Type: SEQUENCE SET; Schema: public; Owner: postgres
--

SELECT pg_catalog.setval('public.django_admin_log_id_seq', 34, true);


--
-- Name: django_content_type_id_seq; Type: SEQUENCE SET; Schema: public; Owner: postgres
--

SELECT pg_catalog.setval('public.django_content_type_id_seq', 9, true);


--
-- Name: django_migrations_id_seq; Type: SEQUENCE SET; Schema: public; Owner: postgres
--

SELECT pg_catalog.setval('public.django_migrations_id_seq', 22, true);


--
-- Name: menu_menuitem_id_seq; Type: SEQUENCE SET; Schema: public; Owner: postgres
--

SELECT pg_catalog.setval('public.menu_menuitem_id_seq', 43, true);


--
-- Name: menu_order_id_seq; Type: SEQUENCE SET; Schema: public; Owner: postgres
--

SELECT pg_catalog.setval('public.menu_order_id_seq', 9, true);


--
-- Name: menu_orderitem_id_seq; Type: SEQUENCE SET; Schema: public; Owner: postgres
--

SELECT pg_catalog.setval('public.menu_orderitem_id_seq', 11, true);


--
-- Name: auth_group auth_group_name_key; Type: CONSTRAINT; Schema: public; Owner: postgres
--

ALTER TABLE ONLY public.auth_group
    ADD CONSTRAINT auth_group_name_key UNIQUE (name);


--
-- Name: auth_group_permissions auth_group_permissions_group_id_permission_id_0cd325b0_uniq; Type: CONSTRAINT; Schema: public; Owner: postgres
--

ALTER TABLE ONLY public.auth_group_permissions
    ADD CONSTRAINT auth_group_permissions_group_id_permission_id_0cd325b0_uniq UNIQUE (group_id, permission_id);


--
-- Name: auth_group_permissions auth_group_permissions_pkey; Type: CONSTRAINT; Schema: public; Owner: postgres
--

ALTER TABLE ONLY public.auth_group_permissions
    ADD CONSTRAINT auth_group_permissions_pkey PRIMARY KEY (id);


--
-- Name: auth_group auth_group_pkey; Type: CONSTRAINT; Schema: public; Owner: postgres
--

ALTER TABLE ONLY public.auth_group
    ADD CONSTRAINT auth_group_pkey PRIMARY KEY (id);


--
-- Name: auth_permission auth_permission_content_type_id_codename_01ab375a_uniq; Type: CONSTRAINT; Schema: public; Owner: postgres
--

ALTER TABLE ONLY public.auth_permission
    ADD CONSTRAINT auth_permission_content_type_id_codename_01ab375a_uniq UNIQUE (content_type_id, codename);


--
-- Name: auth_permission auth_permission_pkey; Type: CONSTRAINT; Schema: public; Owner: postgres
--

ALTER TABLE ONLY public.auth_permission
    ADD CONSTRAINT auth_permission_pkey PRIMARY KEY (id);


--
-- Name: auth_user_groups auth_user_groups_pkey; Type: CONSTRAINT; Schema: public; Owner: postgres
--

ALTER TABLE ONLY public.auth_user_groups
    ADD CONSTRAINT auth_user_groups_pkey PRIMARY KEY (id);


--
-- Name: auth_user_groups auth_user_groups_user_id_group_id_94350c0c_uniq; Type: CONSTRAINT; Schema: public; Owner: postgres
--

ALTER TABLE ONLY public.auth_user_groups
    ADD CONSTRAINT auth_user_groups_user_id_group_id_94350c0c_uniq UNIQUE (user_id, group_id);


--
-- Name: auth_user auth_user_pkey; Type: CONSTRAINT; Schema: public; Owner: postgres
--

ALTER TABLE ONLY public.auth_user
    ADD CONSTRAINT auth_user_pkey PRIMARY KEY (id);


--
-- Name: auth_user_user_permissions auth_user_user_permissions_pkey; Type: CONSTRAINT; Schema: public; Owner: postgres
--

ALTER TABLE ONLY public.auth_user_user_permissions
    ADD CONSTRAINT auth_user_user_permissions_pkey PRIMARY KEY (id);


--
-- Name: auth_user_user_permissions auth_user_user_permissions_user_id_permission_id_14a6b632_uniq; Type: CONSTRAINT; Schema: public; Owner: postgres
--

ALTER TABLE ONLY public.auth_user_user_permissions
    ADD CONSTRAINT auth_user_user_permissions_user_id_permission_id_14a6b632_uniq UNIQUE (user_id, permission_id);


--
-- Name: auth_user auth_user_username_key; Type: CONSTRAINT; Schema: public; Owner: postgres
--

ALTER TABLE ONLY public.auth_user
    ADD CONSTRAINT auth_user_username_key UNIQUE (username);


--
-- Name: django_admin_log django_admin_log_pkey; Type: CONSTRAINT; Schema: public; Owner: postgres
--

ALTER TABLE ONLY public.django_admin_log
    ADD CONSTRAINT django_admin_log_pkey PRIMARY KEY (id);


--
-- Name: django_content_type django_content_type_app_label_model_76bd3d3b_uniq; Type: CONSTRAINT; Schema: public; Owner: postgres
--

ALTER TABLE ONLY public.django_content_type
    ADD CONSTRAINT django_content_type_app_label_model_76bd3d3b_uniq UNIQUE (app_label, model);


--
-- Name: django_content_type django_content_type_pkey; Type: CONSTRAINT; Schema: public; Owner: postgres
--

ALTER TABLE ONLY public.django_content_type
    ADD CONSTRAINT django_content_type_pkey PRIMARY KEY (id);


--
-- Name: django_migrations django_migrations_pkey; Type: CONSTRAINT; Schema: public; Owner: postgres
--

ALTER TABLE ONLY public.django_migrations
    ADD CONSTRAINT django_migrations_pkey PRIMARY KEY (id);


--
-- Name: django_session django_session_pkey; Type: CONSTRAINT; Schema: public; Owner: postgres
--

ALTER TABLE ONLY public.django_session
    ADD CONSTRAINT django_session_pkey PRIMARY KEY (session_key);


--
-- Name: menu_menuitem menu_menuitem_pkey; Type: CONSTRAINT; Schema: public; Owner: postgres
--

ALTER TABLE ONLY public.menu_menuitem
    ADD CONSTRAINT menu_menuitem_pkey PRIMARY KEY (id);


--
-- Name: menu_order menu_order_pkey; Type: CONSTRAINT; Schema: public; Owner: postgres
--

ALTER TABLE ONLY public.menu_order
    ADD CONSTRAINT menu_order_pkey PRIMARY KEY (id);


--
-- Name: menu_orderitem menu_orderitem_pkey; Type: CONSTRAINT; Schema: public; Owner: postgres
--

ALTER TABLE ONLY public.menu_orderitem
    ADD CONSTRAINT menu_orderitem_pkey PRIMARY KEY (id);


--
-- Name: auth_group_name_a6ea08ec_like; Type: INDEX; Schema: public; Owner: postgres
--

CREATE INDEX auth_group_name_a6ea08ec_like ON public.auth_group USING btree (name varchar_pattern_ops);


--
-- Name: auth_group_permissions_group_id_b120cbf9; Type: INDEX; Schema: public; Owner: postgres
--

CREATE INDEX auth_group_permissions_group_id_b120cbf9 ON public.auth_group_permissions USING btree (group_id);


--
-- Name: auth_group_permissions_permission_id_84c5c92e; Type: INDEX; Schema: public; Owner: postgres
--

CREATE INDEX auth_group_permissions_permission_id_84c5c92e ON public.auth_group_permissions USING btree (permission_id);


--
-- Name: auth_permission_content_type_id_2f476e4b; Type: INDEX; Schema: public; Owner: postgres
--

CREATE INDEX auth_permission_content_type_id_2f476e4b ON public.auth_permission USING btree (content_type_id);


--
-- Name: auth_user_groups_group_id_97559544; Type: INDEX; Schema: public; Owner: postgres
--

CREATE INDEX auth_user_groups_group_id_97559544 ON public.auth_user_groups USING btree (group_id);


--
-- Name: auth_user_groups_user_id_6a12ed8b; Type: INDEX; Schema: public; Owner: postgres
--

CREATE INDEX auth_user_groups_user_id_6a12ed8b ON public.auth_user_groups USING btree (user_id);


--
-- Name: auth_user_user_permissions_permission_id_1fbb5f2c; Type: INDEX; Schema: public; Owner: postgres
--

CREATE INDEX auth_user_user_permissions_permission_id_1fbb5f2c ON public.auth_user_user_permissions USING btree (permission_id);


--
-- Name: auth_user_user_permissions_user_id_a95ead1b; Type: INDEX; Schema: public; Owner: postgres
--

CREATE INDEX auth_user_user_permissions_user_id_a95ead1b ON public.auth_user_user_permissions USING btree (user_id);


--
-- Name: auth_user_username_6821ab7c_like; Type: INDEX; Schema: public; Owner: postgres
--

CREATE INDEX auth_user_username_6821ab7c_like ON public.auth_user USING btree (username varchar_pattern_ops);


--
-- Name: django_admin_log_content_type_id_c4bce8eb; Type: INDEX; Schema: public; Owner: postgres
--

CREATE INDEX django_admin_log_content_type_id_c4bce8eb ON public.django_admin_log USING btree (content_type_id);


--
-- Name: django_admin_log_user_id_c564eba6; Type: INDEX; Schema: public; Owner: postgres
--

CREATE INDEX django_admin_log_user_id_c564eba6 ON public.django_admin_log USING btree (user_id);


--
-- Name: django_session_expire_date_a5c62663; Type: INDEX; Schema: public; Owner: postgres
--

CREATE INDEX django_session_expire_date_a5c62663 ON public.django_session USING btree (expire_date);


--
-- Name: django_session_session_key_c0390e0f_like; Type: INDEX; Schema: public; Owner: postgres
--

CREATE INDEX django_session_session_key_c0390e0f_like ON public.django_session USING btree (session_key varchar_pattern_ops);


--
-- Name: menu_orderitem_menu_item_id_99cc5c4f; Type: INDEX; Schema: public; Owner: postgres
--

CREATE INDEX menu_orderitem_menu_item_id_99cc5c4f ON public.menu_orderitem USING btree (menu_item_id);


--
-- Name: menu_orderitem_order_id_78f7348e; Type: INDEX; Schema: public; Owner: postgres
--

CREATE INDEX menu_orderitem_order_id_78f7348e ON public.menu_orderitem USING btree (order_id);


--
-- Name: auth_group_permissions auth_group_permissio_permission_id_84c5c92e_fk_auth_perm; Type: FK CONSTRAINT; Schema: public; Owner: postgres
--

ALTER TABLE ONLY public.auth_group_permissions
    ADD CONSTRAINT auth_group_permissio_permission_id_84c5c92e_fk_auth_perm FOREIGN KEY (permission_id) REFERENCES public.auth_permission(id) DEFERRABLE INITIALLY DEFERRED;


--
-- Name: auth_group_permissions auth_group_permissions_group_id_b120cbf9_fk_auth_group_id; Type: FK CONSTRAINT; Schema: public; Owner: postgres
--

ALTER TABLE ONLY public.auth_group_permissions
    ADD CONSTRAINT auth_group_permissions_group_id_b120cbf9_fk_auth_group_id FOREIGN KEY (group_id) REFERENCES public.auth_group(id) DEFERRABLE INITIALLY DEFERRED;


--
-- Name: auth_permission auth_permission_content_type_id_2f476e4b_fk_django_co; Type: FK CONSTRAINT; Schema: public; Owner: postgres
--

ALTER TABLE ONLY public.auth_permission
    ADD CONSTRAINT auth_permission_content_type_id_2f476e4b_fk_django_co FOREIGN KEY (content_type_id) REFERENCES public.django_content_type(id) DEFERRABLE INITIALLY DEFERRED;


--
-- Name: auth_user_groups auth_user_groups_group_id_97559544_fk_auth_group_id; Type: FK CONSTRAINT; Schema: public; Owner: postgres
--

ALTER TABLE ONLY public.auth_user_groups
    ADD CONSTRAINT auth_user_groups_group_id_97559544_fk_auth_group_id FOREIGN KEY (group_id) REFERENCES public.auth_group(id) DEFERRABLE INITIALLY DEFERRED;


--
-- Name: auth_user_groups auth_user_groups_user_id_6a12ed8b_fk_auth_user_id; Type: FK CONSTRAINT; Schema: public; Owner: postgres
--

ALTER TABLE ONLY public.auth_user_groups
    ADD CONSTRAINT auth_user_groups_user_id_6a12ed8b_fk_auth_user_id FOREIGN KEY (user_id) REFERENCES public.auth_user(id) DEFERRABLE INITIALLY DEFERRED;


--
-- Name: auth_user_user_permissions auth_user_user_permi_permission_id_1fbb5f2c_fk_auth_perm; Type: FK CONSTRAINT; Schema: public; Owner: postgres
--

ALTER TABLE ONLY public.auth_user_user_permissions
    ADD CONSTRAINT auth_user_user_permi_permission_id_1fbb5f2c_fk_auth_perm FOREIGN KEY (permission_id) REFERENCES public.auth_permission(id) DEFERRABLE INITIALLY DEFERRED;


--
-- Name: auth_user_user_permissions auth_user_user_permissions_user_id_a95ead1b_fk_auth_user_id; Type: FK CONSTRAINT; Schema: public; Owner: postgres
--

ALTER TABLE ONLY public.auth_user_user_permissions
    ADD CONSTRAINT auth_user_user_permissions_user_id_a95ead1b_fk_auth_user_id FOREIGN KEY (user_id) REFERENCES public.auth_user(id) DEFERRABLE INITIALLY DEFERRED;


--
-- Name: django_admin_log django_admin_log_content_type_id_c4bce8eb_fk_django_co; Type: FK CONSTRAINT; Schema: public; Owner: postgres
--

ALTER TABLE ONLY public.django_admin_log
    ADD CONSTRAINT django_admin_log_content_type_id_c4bce8eb_fk_django_co FOREIGN KEY (content_type_id) REFERENCES public.django_content_type(id) DEFERRABLE INITIALLY DEFERRED;


--
-- Name: django_admin_log django_admin_log_user_id_c564eba6_fk_auth_user_id; Type: FK CONSTRAINT; Schema: public; Owner: postgres
--

ALTER TABLE ONLY public.django_admin_log
    ADD CONSTRAINT django_admin_log_user_id_c564eba6_fk_auth_user_id FOREIGN KEY (user_id) REFERENCES public.auth_user(id) DEFERRABLE INITIALLY DEFERRED;


--
-- Name: menu_orderitem menu_orderitem_menu_item_id_99cc5c4f_fk_menu_menuitem_id; Type: FK CONSTRAINT; Schema: public; Owner: postgres
--

ALTER TABLE ONLY public.menu_orderitem
    ADD CONSTRAINT menu_orderitem_menu_item_id_99cc5c4f_fk_menu_menuitem_id FOREIGN KEY (menu_item_id) REFERENCES public.menu_menuitem(id) DEFERRABLE INITIALLY DEFERRED;


--
-- Name: menu_orderitem menu_orderitem_order_id_78f7348e_fk_menu_order_id; Type: FK CONSTRAINT; Schema: public; Owner: postgres
--

ALTER TABLE ONLY public.menu_orderitem
    ADD CONSTRAINT menu_orderitem_order_id_78f7348e_fk_menu_order_id FOREIGN KEY (order_id) REFERENCES public.menu_order(id) DEFERRABLE INITIALLY DEFERRED;


--
-- PostgreSQL database dump complete
--

